GAME000;Wii Sports;Sports;2006;219000;18;
GAME001;Super Mario Bros.;Platform;1985;200000;43;
GAME002;Mario Kart Wii;Racing;2008;279000;25;
GAME003;Wii Sports Resort;Sports;2009;219000;20;
GAME004;Pokemon Red/Pokemon Blue;Role-Playing;1996;499000;20;
GAME005;Tetris;Puzzle;1989;279000;18;
GAME006;New Super Mario Bros.;Platform;2006;279000;15;
GAME007;Wii Play;Misc;2006;429000;20;
GAME008;New Super Mario Bros. Wii;Platform;2009;200000;30;
GAME009;Duck Hunt;Shooter;1984;279000;18;
GAME010;Nintendogs;Simulation;2005;99900;43;
GAME011;Mario Kart DS;Racing;2005;200000;30;
GAME012;Pokemon Gold/Pokemon Silver;Role-Playing;1999;350000;23;
GAME013;Wii Fit;Sports;2007;149900;20;
GAME014;Kinect Adventures!;Misc;2010;149900;30;
GAME015;Wii Fit Plus;Sports;2009;279000;30;
GAME016;Grand Theft Auto V;Action;2013;429000;15;
GAME017;Grand Theft Auto: San Andreas;Action;2004;219000;40;
GAME018;Super Mario World;Platform;1990;149900;40;
GAME019;Brain Age: Train Your Brain in Minutes a Day;Misc;2005;499000;30;
GAME020;Pokemon Diamond/Pokemon Pearl;Role-Playing;2006;350000;40;
GAME021;Super Mario Land;Platform;1989;200000;18;
GAME022;Super Mario Bros. 3;Platform;1988;429000;30;
GAME023;Grand Theft Auto V;Action;2013;99900;30;
GAME024;Grand Theft Auto: Vice City;Action;2002;350000;40;
GAME025;Pokemon Ruby/Pokemon Sapphire;Role-Playing;2002;499000;30;
GAME026;Brain Age 2: More Training in Minutes a Day;Puzzle;2005;149900;30;
GAME027;Pokemon Black/Pokemon White;Role-Playing;2010;200000;30;
GAME028;Gran Turismo 3: A-Spec;Racing;2001;200000;25;
GAME029;Call of Duty: Modern Warfare 3;Shooter;2011;149900;23;
GAME030;Pokémon Yellow: Special Pikachu Edition;Role-Playing;1998;279000;30;
GAME031;Call of Duty: Black Ops 3;Shooter;2015;279000;15;
GAME032;Call of Duty: Black Ops;Shooter;2010;499000;25;
GAME033;Pokemon X/Pokemon Y;Role-Playing;2013;219000;20;
GAME034;Call of Duty: Black Ops II;Shooter;2012;279000;30;
GAME035;Call of Duty: Black Ops II;Shooter;2012;99900;43;
GAME036;Call of Duty: Modern Warfare 2;Shooter;2009;499000;43;
GAME037;Call of Duty: Modern Warfare 3;Shooter;2011;99900;18;
GAME038;Grand Theft Auto III;Action;2001;429000;18;
GAME039;Super Smash Bros. Brawl;Fighting;2008;279000;23;
GAME040;Mario Kart 7;Racing;2011;350000;43;
GAME041;Call of Duty: Black Ops;Shooter;2010;219000;23;
GAME042;Grand Theft Auto V;Action;2014;149900;15;
GAME043;Animal Crossing: Wild World;Simulation;2005;200000;43;
GAME044;Halo 3;Shooter;2007;350000;18;
GAME045;Super Mario 64;Platform;1996;99900;18;
GAME046;Pokemon HeartGold/Pokemon SoulSilver;Action;2009;149900;18;
GAME047;Pokemon Omega Ruby/Pokemon Alpha Sapphire;Role-Playing;2014;429000;20;
GAME048;Gran Turismo 4;Racing;2004;279000;25;
GAME049;Super Mario Galaxy;Platform;2007;99900;15;
GAME050;Super Mario Land 2: 6 Golden Coins;Adventure;1992;429000;20;
GAME051;Grand Theft Auto IV;Action;2008;350000;43;
GAME052;Gran Turismo;Racing;1997;99900;43;
GAME053;Super Mario 3D Land;Platform;2011;99900;18;
GAME054;Gran Turismo 5;Racing;2010;350000;20;
GAME055;Call of Duty: Modern Warfare 2;Shooter;2009;429000;40;
GAME056;Super Mario All-Stars;Platform;1993;350000;23;
GAME057;Grand Theft Auto IV;Action;2008;149900;18;
GAME058;Pokemon FireRed/Pokemon LeafGreen;Role-Playing;2004;149900;40;
GAME059;Super Mario 64;Platform;2004;219000;40;
GAME060;Call of Duty: Ghosts;Shooter;2013;499000;43;
GAME061;Just Dance 3;Misc;2011;219000;30;
GAME062;New Super Mario Bros. 2;Platform;2012;200000;40;
GAME063;Mario Kart 64;Racing;1996;99900;18;
GAME064;Halo: Reach;Shooter;2010;279000;30;
GAME065;Final Fantasy VII;Role-Playing;1997;200000;15;
GAME066;Halo 4;Shooter;2012;200000;20;
GAME067;Gran Turismo 2;Racing;1999;219000;25;
GAME068;Just Dance 2;Misc;2010;350000;18;
GAME069;Call of Duty: Ghosts;Shooter;2013;149900;40;
GAME070;Call of Duty 4: Modern Warfare;Shooter;2007;200000;43;
GAME071;Donkey Kong Country;Platform;1994;99900;20;
GAME072;Minecraft;Misc;2013;149900;25;
GAME073;Animal Crossing: New Leaf;Simulation;2012;429000;20;
GAME074;Mario Party DS;Misc;2007;99900;15;
GAME075;The Elder Scrolls V: Skyrim;Role-Playing;2011;99900;30;
GAME076;Super Mario Kart;Racing;1992;279000;20;
GAME077;FIFA 16;Sports;2015;279000;43;
GAME078;Halo 2;Shooter;2004;499000;40;
GAME079;Wii Party;Misc;2010;350000;20;
GAME080;Mario Party 8;Misc;2007;429000;30;
GAME081;FIFA Soccer 13;Action;2012;200000;15;
GAME082;GoldenEye 007;Shooter;1997;499000;43;
GAME083;Pokemon Black 2/Pokemon White 2;Role-Playing;2012;200000;43;
GAME084;Final Fantasy X;Role-Playing;2001;149900;40;
GAME085;The Sims 3;Simulation;2009;99900;23;
GAME086;Mario & Sonic at the Olympic Games;Sports;2007;149900;15;
GAME087;Star Wars Battlefront (2015);Shooter;2015;219000;23;
GAME088;Final Fantasy VIII;Role-Playing;1999;149900;40;
GAME089;Pac-Man;Puzzle;1982;200000;15;
GAME090;Pokémon Platinum Version;Role-Playing;2008;279000;40;
GAME091;Grand Theft Auto: Liberty City Stories;Action;2005;99900;30;
GAME092;Call of Duty: Advanced Warfare;Shooter;2014;219000;30;
GAME093;The Legend of Zelda: Ocarina of Time;Action;1998;350000;43;
GAME094;FIFA 17;Sports;2016;499000;20;
GAME095;Crash Bandicoot 2: Cortex Strikes Back;Platform;1997;499000;23;
GAME096;Super Smash Bros. for Wii U and 3DS;Fighting;2014;149900;20;
GAME097;Super Mario Galaxy 2;Platform;2010;499000;40;
GAME098;Super Mario Bros. 2;Platform;1988;350000;20;
GAME099;Call of Duty: Black Ops 3;Shooter;2015;200000;30;
GAME100;Call of Duty: World at War;Shooter;2008;499000;43;
GAME101;Battlefield 3;Shooter;2011;499000;15;
GAME102;Need for Speed Underground;Racing;2003;279000;23;
GAME103;Just Dance;Misc;2009;499000;40;
GAME104;Battlefield 3;Shooter;2011;279000;18;
GAME105;Fallout 4;Role-Playing;2015;429000;20;
GAME106;Tekken 3;Fighting;1998;279000;15;
GAME107;The Legend of Zelda: Twilight Princess;Action;2006;499000;18;
GAME108;Pokemon Sun/Moon;Role-Playing;2016;149900;20;
GAME109;Crash Bandicoot 3: Warped;Platform;1998;499000;18;
GAME110;Mario Kart 8;Racing;2014;200000;43;
GAME111;Super Smash Bros. Melee;Fighting;2001;279000;30;
GAME112;Mario Kart: Double Dash!!;Racing;2003;350000;30;
GAME113;Need for Speed Underground 2;Racing;2004;499000;15;
GAME114;Medal of Honor: Frontline;Shooter;2002;279000;25;
GAME115;Crash Bandicoot;Platform;1996;219000;18;
GAME116;Just Dance 4;Misc;2012;350000;23;
GAME117;Gears of War 2;Shooter;2008;429000;15;
GAME118;Uncharted 3: Drake's Deception;Action;2011;99900;43;
GAME119;Zumba Fitness;Sports;2010;429000;15;
GAME120;Call of Duty 4: Modern Warfare;Shooter;2007;429000;20;
GAME121;Uncharted 2: Among Thieves;Action;2009;99900;40;
GAME122;FIFA 12;Sports;2011;350000;23;
GAME123;Big Brain Academy;Misc;2005;499000;15;
GAME124;The Legend of Zelda;Action;1986;99900;25;
GAME125;Red Dead Redemption;Action;2010;279000;43;
GAME126;FIFA 14;Sports;2013;499000;18;
GAME127;Assassin's Creed III;Action;2012;200000;40;
GAME128;Donkey Kong Country Returns;Platform;2010;99900;18;
GAME129;Halo: Combat Evolved;Shooter;2001;99900;15;
GAME130;The Elder Scrolls V: Skyrim;Role-Playing;2011;499000;20;
GAME131;Pokémon Emerald Version;Role-Playing;2004;149900;25;
GAME132;Kingdom Hearts;Role-Playing;2002;99900;23;
GAME133;Pokémon Crystal Version;Role-Playing;2000;429000;43;
GAME134;Halo 3: ODST;Shooter;2009;429000;30;
GAME135;Red Dead Redemption;Action;2010;219000;30;
GAME136;Super Mario Sunshine;Platform;2002;429000;23;
GAME137;Street Fighter II: The World Warrior;Fighting;1992;99900;40;
GAME138;World of Warcraft;Role-Playing;2004;429000;23;
GAME139;Driver;Action;1999;279000;40;
GAME140;Gears of War 3;Shooter;2011;99900;40;
GAME141;Kinect Sports;Sports;2010;200000;30;
GAME142;Gears of War;Shooter;2006;99900;15;
GAME143;FIFA 15;Sports;2014;200000;23;
GAME144;Metal Gear Solid 2: Sons of Liberty;Action;2001;200000;18;
GAME145;Sonic the Hedgehog 2;Platform;1992;99900;43;
GAME146;Metal Gear Solid;Action;1998;99900;25;
GAME147;Metal Gear Solid 4: Guns of the Patriots;Action;2008;200000;40;
GAME148;Final Fantasy XII;Role-Playing;2006;279000;23;
GAME149;The Last of Us;Action;2013;99900;25;
GAME150;LittleBigPlanet;Platform;2008;149900;25;
GAME151;Resident Evil 2;Action;1998;499000;23;
GAME152;Dragon Quest IX: Sentinels of the Starry Skies;Role-Playing;2009;429000;25;
GAME153;Tekken 2;Fighting;1996;429000;18;
GAME154;Destiny;Shooter;2014;200000;15;
GAME155;LEGO Star Wars: The Complete Saga;Action;2007;219000;23;
GAME156;Cooking Mama;Simulation;2006;200000;23;
GAME157;Tetris;Puzzle;1988;499000;43;
GAME158;Super Smash Bros.;Fighting;1999;350000;40;
GAME159;Assassin's Creed II;Action;2009;149900;23;
GAME160;Assassin's Creed;Adventure;2007;499000;30;
GAME161;Forza Motorsport 3;Racing;2009;350000;15;
GAME162;Super Mario Advance;Platform;2001;200000;23;
GAME163;Monster Hunter Freedom Unite;Role-Playing;2008;99900;30;
GAME164;Batman: Arkham City;Action;2011;279000;20;
GAME165;Grand Theft Auto V;Action;2014;149900;25;
GAME166;Mario Kart: Super Circuit;Racing;2001;99900;18;
GAME167;Super Mario World;Platform;2001;200000;40;
GAME168;Pokemon Stadium;Strategy;1999;200000;40;
GAME169;Crash Bandicoot: The Wrath of Cortex;Platform;2001;350000;30;
GAME170;Call of Duty: World at War;Shooter;2008;350000;43;
GAME171;Uncharted 4: A Thief's End;Shooter;2016;200000;25;
GAME172;Dr. Mario;Puzzle;1989;219000;25;
GAME173;Final Fantasy XIII;Role-Playing;2009;499000;25;
GAME174;Pokemon Pinball;Misc;1999;429000;23;
GAME175;Final Fantasy IX;Role-Playing;2000;149900;20;
GAME176;Assassin's Creed III;Action;2012;429000;30;
GAME177;Final Fantasy X-2;Role-Playing;2003;149900;20;
GAME178;Donkey Kong 64;Platform;1999;499000;25;
GAME179;Call of Duty: Advanced Warfare;Shooter;2014;219000;30;
GAME180;Minecraft;Misc;2014;499000;40;
GAME181;Assassin's Creed II;Action;2009;429000;43;
GAME182;Tomb Raider II;Action;1997;99900;40;
GAME183;Tomodachi Life;Simulation;2013;219000;40;
GAME184;New Super Mario Bros. U;Platform;2012;99900;15;
GAME185;Dragon Quest VIII: Journey of the Cursed King;Role-Playing;2004;350000;23;
GAME186;Super Mario Bros. 3;Platform;2003;149900;30;
GAME187;Professor Layton and the Curious Village;Puzzle;2007;200000;25;
GAME188;Super Mario Land 3: Wario Land;Platform;1994;429000;20;
GAME189;FIFA Soccer 13;Action;2012;350000;15;
GAME190;Donkey Kong Country 2: Diddy's Kong Quest;Platform;1995;219000;18;
GAME191;Diablo III;Role-Playing;2012;200000;18;
GAME192;Medal of Honor: Rising Sun;Shooter;2003;200000;43;
GAME193;Kirby's Dream Land;Platform;1992;219000;30;
GAME194;Microsoft Flight Simulator;Simulation;1996;219000;25;
GAME195;Guitar Hero II;Misc;2006;499000;15;
GAME196;Fable III;Role-Playing;2010;99900;30;
GAME197;Mario & Sonic at the Olympic Games;Sports;2008;429000;25;
GAME198;Resident Evil 5;Action;2009;219000;43;
GAME199;The Legend of Zelda: Phantom Hourglass;Action;2007;149900;18;
GAME200;Super Mario Bros.;Platform;1999;200000;15;
GAME201;FIFA Soccer 11;Sports;2010;219000;15;
GAME202;Resident Evil;Action;1996;350000;15;
GAME203;Grand Theft Auto: Vice City Stories;Action;2006;99900;18;
GAME204;Tony Hawk's Pro Skater;Sports;1999;279000;30;
GAME205;Warzone 2100;Strategy;1999;429000;43;
GAME206;Spyro the Dragon;Platform;1998;429000;43;
GAME207;Guitar Hero III: Legends of Rock;Misc;2007;350000;20;
GAME208;Link's Crossbow Training;Shooter;2007;350000;20;
GAME209;Pokemon Mystery Dungeon: Explorers of Time/Explorers of Darkness;Role-Playing;2007;200000;15;
GAME210;Fallout 3;Role-Playing;2008;279000;30;
GAME211;Uncharted: Drake's Fortune;Action;2007;279000;23;
GAME212;Madden NFL 06;Sports;2005;219000;15;
GAME213;Diddy Kong Racing;Racing;1997;99900;25;
GAME214;Monster Hunter Freedom 3;Role-Playing;2010;219000;43;
GAME215;Super Smash Bros. for Wii U and 3DS;Fighting;2014;99900;30;
GAME216;Dr. Mario;Puzzle;1990;149900;18;
GAME217;StarCraft II: Wings of Liberty;Strategy;2010;499000;30;
GAME218;Assassin's Creed;Adventure;2007;200000;23;
GAME219;God of War III;Action;2010;200000;15;
GAME220;Crash Team Racing;Racing;1999;429000;30;
GAME221;LEGO Star Wars: The Complete Saga;Action;2007;499000;15;
GAME222;Driver 2;Action;2000;499000;20;
GAME223;Batman: Arkham City;Action;2011;350000;15;
GAME224;The Last of Us;Action;2014;99900;15;
GAME225;The Simpsons: Hit & Run;Racing;2003;350000;43;
GAME226;Tony Hawk's Pro Skater 2;Sports;2000;429000;30;
GAME227;The Lord of the Rings: The Two Towers;Action;2002;219000;25;
GAME228;Tomb Raider;Action;1996;429000;25;
GAME229;Animal Crossing: City Folk;Simulation;2008;499000;15;
GAME230;Uncharted: The Nathan Drake Collection;Action;2015;429000;23;
GAME231;The Legend of Zelda: A Link to the Past;Action;1991;429000;23;
GAME232;The Legend of Zelda: The Wind Waker;Action;2002;350000;30;
GAME233;Guitar Hero III: Legends of Rock;Misc;2007;200000;18;
GAME234;Luigi's Mansion: Dark Moon;Action;2013;499000;40;
GAME235;Forza Motorsport 4;Racing;2011;149900;20;
GAME236;Mario & Sonic at the Olympic Winter Games;Sports;2009;219000;43;
GAME237;Madden NFL 2005;Sports;2004;149900;43;
GAME238;Guitar Hero III: Legends of Rock;Misc;2007;149900;30;
GAME239;Pitfall!;Platform;1981;149900;30;
GAME240;Madden NFL 07;Sports;2006;99900;15;
GAME241;Halo 5: Guardians;Shooter;2015;279000;20;
GAME242;Spider-Man: The Movie;Action;2002;499000;20;
GAME243;Dragon Quest VII: Warriors of Eden;Role-Playing;2000;200000;15;
GAME244;Call of Duty: Infinite Warfare;Shooter;2016;99900;40;
GAME245;God of War;Action;2005;499000;23;
GAME246;Splatoon;Shooter;2015;350000;25;
GAME247;Nintendo Land;Misc;2012;350000;15;
GAME248;Tony Hawk's Pro Skater 3;Sports;2001;350000;23;
GAME249;Winning Eleven: Pro Evolution Soccer 2007;Sports;2006;219000;23;
GAME250;The Elder Scrolls IV: Oblivion;Role-Playing;2006;200000;15;
GAME251;Zelda II: The Adventure of Link;Adventure;1987;200000;23;
GAME252;Need for Speed: Most Wanted;Racing;2005;350000;43;
GAME253;Michael Jackson: The Experience;Misc;2010;149900;18;
GAME254;Call of Duty: Advanced Warfare;Shooter;2014;219000;15;
GAME255;Resistance: Fall of Man;Shooter;2006;499000;18;
GAME256;Sonic the Hedgehog;Platform;1991;429000;23;
GAME257;Kingdom Hearts II;Role-Playing;2005;279000;30;
GAME258;The Legend of Zelda: Ocarina of Time;Action;2011;200000;30;
GAME259;Super Mario 3D World;Platform;2013;429000;18;
GAME260;Minecraft;Misc;2014;279000;15;
GAME261;Asteroids;Shooter;1980;499000;15;
GAME262;Call of Duty: Advanced Warfare;Shooter;2014;200000;30;
GAME263;FIFA 15;Sports;2014;99900;25;
GAME264;Fable II;Role-Playing;2008;499000;20;
GAME265;Namco Museum;Misc;2001;149900;30;
GAME266;Batman: Arkham Asylum;Action;2009;99900;30;
GAME267;Metal Gear Solid 3: Snake Eater;Action;2004;149900;23;
GAME268;Assassin's Creed: Revelations;Action;2011;499000;15;
GAME269;Fallout 4;Role-Playing;2015;429000;18;
GAME270;FIFA 14;Sports;2013;149900;23;
GAME271;Daxter;Platform;2006;149900;40;
GAME272;Warcraft II: Tides of Darkness;Strategy;1995;219000;20;
GAME273;FIFA Soccer 06;Sports;2005;200000;30;
GAME274;EyeToy Play;Misc;2003;149900;43;
GAME275;Gran Turismo 5 Prologue;Racing;2007;279000;40;
GAME276;Assassin's Creed: Revelations;Action;2011;350000;15;
GAME277;FIFA 12;Sports;2011;99900;30;
GAME278;Teenage Mutant Ninja Turtles;Action;1989;99900;15;
GAME279;Street Fighter IV;Fighting;2009;499000;23;
GAME280;Excitebike;Racing;1984;99900;23;
GAME281;Frogger;Action;1997;149900;20;
GAME282;Madden NFL 2003;Sports;2002;219000;25;
GAME283;Half-Life;Shooter;1997;219000;23;
GAME284;Super Mario World 2: Yoshi's Island;Platform;1995;279000;30;
GAME285;FIFA Soccer 07;Sports;2006;499000;20;
GAME286;Street Fighter II Turbo;Fighting;1992;350000;40;
GAME287;World of Warcraft: The Burning Crusade;Role-Playing;2007;149900;30;
GAME288;Battlefield 1;Shooter;2016;350000;25;
GAME289;God of War II;Action;2007;499000;15;
GAME290;World Soccer Winning Eleven 9;Sports;2005;99900;18;
GAME291;Fallout: New Vegas;Role-Playing;2010;499000;20;
GAME292;Forza Motorsport 2;Racing;2007;429000;15;
GAME293;Carnival Games;Misc;2007;279000;20;
GAME294;Watch Dogs;Action;2014;279000;43;
GAME295;Namco Museum Vol.3;Misc;1996;99900;18;
GAME296;Tekken Tag Tournament;Fighting;2000;429000;20;
GAME297;Far Cry 4;Shooter;2014;279000;18;
GAME298;Star Fox 64;Shooter;1997;350000;20;
GAME299;Golf;Sports;1984;279000;25;
GAME300;Namco Museum: 50th Anniversary;Misc;2005;350000;43;
GAME301;Left 4 Dead 2;Shooter;2009;99900;20;
GAME302;The Witcher 3: Wild Hunt;Role-Playing;2015;200000;40;
GAME303;Assassin's Creed: Unity;Action;2014;99900;30;
GAME304;Batman: Arkham Knight;Action;2015;279000;40;
GAME305;The Legend of Zelda: Skyward Sword;Action;2011;429000;43;
GAME306;Fallout 3;Role-Playing;2008;350000;23;
GAME307;Professor Layton and the Diabolical Box;Puzzle;2007;279000;25;
GAME308;Donkey Kong Land;Platform;1994;350000;30;
GAME309;EA Sports Active;Sports;2009;219000;15;
GAME310;Tony Hawk's Underground;Sports;2003;499000;20;
GAME311;Monster Hunter 4 Ultimate;Role-Playing;2014;219000;40;
GAME312;The Elder Scrolls V: Skyrim;Role-Playing;2011;200000;40;
GAME313;NBA 2K16;Sports;2015;429000;20;
GAME314;Tekken 5;Fighting;2005;499000;18;
GAME315;Dragon Warrior III;Role-Playing;1988;149900;18;
GAME316;MotorStorm;Racing;2006;99900;25;
GAME317;Nintendogs + cats;Simulation;2011;499000;25;
GAME318;World Soccer Winning Eleven 8 International;Sports;2004;429000;15;
GAME319;Sports Champions;Sports;2010;429000;15;
GAME320;Namco Museum Vol.1;Misc;1995;429000;30;
GAME321;The Legend of Zelda: Link's Awakening;Action;1992;99900;23;
GAME322;Call of Duty: Ghosts;Shooter;2013;219000;43;
GAME323;Flash Focus: Vision Training in Minutes a Day;Misc;2007;149900;18;
GAME324;Tom Clancy's The Division;Shooter;2016;279000;15;
GAME325;Big Brain Academy: Wii Degree;Misc;2007;279000;25;
GAME326;Resident Evil Director's Cut;Action;1996;350000;43;
GAME327;Mario & Luigi: Bowser's Inside Story;Role-Playing;2009;149900;23;
GAME328;LEGO Indiana Jones: The Original Adventures;Action;2008;99900;20;
GAME329;The Sims: Unleashed;Simulation;2002;279000;25;
GAME330;Ratchet & Clank: Size Matters;Platform;2007;200000;40;
GAME331;Harry Potter and the Sorcerer's Stone;Action;2001;219000;18;
GAME332;Mario & Sonic at the London 2012 Olympic Games;Sports;2011;429000;43;
GAME333;Resident Evil 3: Nemesis;Action;1999;200000;40;
GAME334;Super Paper Mario;Platform;2007;149900;30;
GAME335;Spyro: Year of the Dragon;Platform;2000;350000;43;
GAME336;Assassin's Creed IV: Black Flag;Action;2013;429000;25;
GAME337;FIFA Soccer 2005;Sports;2004;219000;15;
GAME338;Pokémon Trading Card Game;Strategy;1998;350000;23;
GAME339;Friend Collection;Misc;2009;200000;23;
GAME340;Tony Hawk's Pro Skater 4;Sports;2002;429000;23;
GAME341;Star Wars Battlefront (2015);Shooter;2015;219000;20;
GAME342;MySims;Simulation;2007;99900;40;
GAME343;Midnight Club 3: DUB Edition;Racing;2005;99900;43;
GAME344;Banjo-Kazooie;Platform;1998;99900;23;
GAME345;SOCOM: U.S. Navy SEALs;Shooter;2002;279000;43;
GAME346;Jak and Daxter: The Precursor Legacy;Platform;2001;429000;15;
GAME347;Pokemon Snap;Simulation;1999;429000;25;
GAME348;Pro Evolution Soccer 2008;Sports;2007;499000;25;
GAME349;Resident Evil 4;Action;2005;99900;18;
GAME350;Guitar Hero: World Tour;Misc;2008;350000;20;
GAME351;FIFA Soccer 10;Sports;2009;200000;18;
GAME352;Star Wars: Battlefront;Shooter;2004;429000;40;
GAME353;Doom II: Hell on Earth;Shooter;1994;149900;18;
GAME354;The Simpsons: Road Rage;Racing;2001;499000;15;
GAME355;Luigi's Mansion;Action;2001;279000;18;
GAME356;Battlefield 4;Shooter;2013;429000;40;
GAME357;Star Wars: Battlefront II;Shooter;2005;149900;15;
GAME358;Just Dance 2014;Misc;2013;219000;30;
GAME359;Cooking Mama 2: Dinner With Friends;Simulation;2007;350000;18;
GAME360;WWF SmackDown!;Fighting;2000;429000;43;
GAME361;Croc: Legend of the Gobbos;Platform;1997;350000;15;
GAME362;Grand Theft Auto: Liberty City Stories;Action;2006;279000;40;
GAME363;The Getaway;Action;2002;499000;15;
GAME364;Tomb Raider III: Adventures of Lara Croft;Action;1997;429000;18;
GAME365;James Bond 007: Agent Under Fire;Shooter;2001;149900;15;
GAME366;LEGO Star Wars: The Video Game;Action;2005;350000;30;
GAME367;Rugrats in Paris: The Movie;Action;2000;149900;43;
GAME368;FIFA Soccer 11;Sports;2010;149900;18;
GAME369;Spyro 2: Ripto's Rage!;Platform;1999;499000;30;
GAME370;Left 4 Dead;Shooter;2008;499000;18;
GAME371;Donkey Kong Country 3: Dixie Kong's Double Trouble!;Platform;1996;429000;25;
GAME372;Assassin's Creed: Unity;Action;2014;279000;40;
GAME373;Kung Fu;Action;1985;499000;25;
GAME374;Resident Evil 5;Action;2009;499000;18;
GAME375;Assassin's Creed: Brotherhood;Action;2010;499000;23;
GAME376;Battlefield 4;Shooter;2013;99900;43;
GAME377;Batman: Arkham Asylum;Action;2009;219000;25;
GAME378;Battlefield 4;Shooter;2013;499000;23;
GAME379;Battlefield: Bad Company 2;Shooter;2010;219000;18;
GAME380;Mario & Sonic at the Olympic Winter Games;Sports;2009;200000;40;
GAME381;Guitar Hero: On Tour;Misc;2008;499000;25;
GAME382;Clubhouse Games;Misc;2006;200000;18;
GAME383;Monster Hunter 4;Role-Playing;2013;99900;20;
GAME384;Borderlands;Shooter;2009;200000;20;
GAME385;Tekken 4;Fighting;2002;149900;23;
GAME386;Final Fantasy III;Role-Playing;1994;219000;18;
GAME387;Grand Theft Auto 2;Action;1998;499000;43;
GAME388;Metal Gear Solid V: The Phantom Pain;Action;2015;429000;15;
GAME389;Spider-Man 2;Action;2004;99900;18;
GAME390;F-1 Race;Racing;1990;350000;40;
GAME391;FIFA Soccer 2003;Sports;2002;279000;23;
GAME392;LittleBigPlanet 2;Platform;2011;149900;43;
GAME393;Crash Bash;Misc;2000;350000;18;
GAME394;Assassin's Creed Syndicate;Action;2015;219000;15;
GAME395;LEGO Batman: The Videogame;Action;2008;99900;25;
GAME396;Destiny;Shooter;2014;219000;15;
GAME397;WWF War Zone;Fighting;1998;200000;15;
GAME398;The Legend of Zelda: Majora's Mask;Action;2000;99900;20;
GAME399;Far Cry 3;Shooter;2012;350000;20;
GAME400;Rugrats: Search For Reptar;Adventure;1998;99900;40;
GAME401;English Training: Have Fun Improving Your Skills!;Misc;2006;429000;23;
GAME402;James Bond 007: Nightfire;Shooter;2002;99900;18;
GAME403;Ratchet & Clank;Platform;2002;200000;20;
GAME404;Monster Hunter X;Action;2015;350000;43;
GAME405;Star Wars Episode III: Revenge of the Sith;Action;2005;429000;25;
GAME406;The Legend of Zelda: Spirit Tracks;Action;2009;499000;15;
GAME407;Max Payne;Shooter;2001;499000;18;
GAME408;Assassin's Creed IV: Black Flag;Action;2013;99900;20;
GAME409;The Lord of the Rings: The Return of the King;Action;2003;200000;23;
GAME410;Yokai Watch 2 Ganso/Honke;Role-Playing;2014;149900;18;
GAME411;Gears of War: Ultimate Edition;Shooter;2015;499000;23;
GAME412;True Crime: Streets of LA;Action;2003;200000;18;
GAME413;Professor Layton and the Unwound Future;Puzzle;2008;279000;30;
GAME414;Gran Turismo (PSP);Racing;2009;149900;30;
GAME415;FIFA 16;Sports;2015;149900;25;
GAME416;Wii Music;Misc;2008;279000;43;
GAME417;Tekken;Fighting;1995;499000;43;
GAME418;Madden NFL 16;Sports;2015;99900;20;
GAME419;Gran Turismo 6;Racing;2013;99900;40;
GAME420;Halo: The Master Chief Collection;Shooter;2014;350000;23;
GAME421;007: Tomorrow Never Dies;Shooter;1999;149900;23;
GAME422;Super Mario Maker;Platform;2015;499000;40;
GAME423;WWF SmackDown! 2: Know Your Role;Fighting;2000;99900;43;
GAME424;Baseball;Sports;1983;99900;23;
GAME425;Killer Instinct;Fighting;1995;499000;18;
GAME426;Dragon Quest VI: Maboroshi no Daichi;Role-Playing;1995;279000;20;
GAME427;God of War: Chains of Olympus;Action;2008;219000;25;
GAME428;Enter the Matrix;Action;2003;99900;15;
GAME429;Crisis Core: Final Fantasy VII;Role-Playing;2007;499000;23;
GAME430;Dance Central;Misc;2010;350000;43;
GAME431;L.A. Noire;Adventure;2011;499000;20;
GAME432;Ace Combat 04: Shattered Skies;Simulation;2001;219000;40;
GAME433;Animal Crossing;Simulation;2001;499000;15;
GAME434;FIFA Soccer 08;Sports;2007;149900;40;
GAME435;Club Penguin: Elite Penguin Force;Adventure;2008;279000;25;
GAME436;Spider-Man;Action;2000;200000;23;
GAME437;Mario Party 9;Misc;2012;219000;20;
GAME438;Need for Speed III: Hot Pursuit;Racing;1998;99900;30;
GAME439;Star Wars Episode I Racer;Racing;1999;350000;30;
GAME440;Sonic Rush;Platform;2005;149900;18;
GAME441;Dragon Warrior IV;Role-Playing;1990;350000;23;
GAME442;Rhythm Heaven;Misc;2008;99900;25;
GAME443;Fallout: New Vegas;Role-Playing;2010;429000;25;
GAME444;Personal Trainer: Cooking;Misc;2006;99900;40;
GAME445;The Elder Scrolls IV: Oblivion;Role-Playing;2007;200000;25;
GAME446;The Legend of Zelda: A Link Between Worlds;Action;2013;200000;15;
GAME447;Resident Evil 6;Shooter;2012;200000;30;
GAME448;Mass Effect 2;Role-Playing;2010;149900;40;
GAME449;Dragon Ball Z: Budokai;Fighting;2002;99900;30;
GAME450;Madden NFL 2002;Sports;2001;499000;15;
GAME451;World Class Track Meet;Sports;1986;149900;30;
GAME452;Donkey Kong;Platform;1994;279000;30;
GAME453;The Sims: Vacation;Simulation;2002;200000;20;
GAME454;Animal Crossing: Happy Home Designer;Simulation;2015;219000;20;
GAME455;The Sims 4;Simulation;2014;279000;23;
GAME456;Borderlands 2;Shooter;2012;200000;18;
GAME457;LEGO Batman: The Videogame;Action;2008;429000;40;
GAME458;Kung Fu Panda;Action;2008;99900;43;
GAME459;Mass Effect 3;Role-Playing;2012;499000;30;
GAME460;Heavy Rain;Adventure;2010;99900;43;
GAME461;Rayman;Platform;1995;99900;20;
GAME462;Saints Row 2;Action;2008;200000;25;
GAME463;Tom Clancy's Splinter Cell;Action;2002;99900;18;
GAME464;Mike Tyson's Punch-Out!!;Fighting;1987;219000;20;
GAME465;WWE SmackDown! Shut Your Mouth;Sports;2002;499000;23;
GAME466;FIFA 14;Sports;2013;279000;40;
GAME467;Killzone 2;Shooter;2009;499000;25;
GAME468;Far Cry 3;Shooter;2012;279000;30;
GAME469;Epic Mickey;Platform;2010;200000;15;
GAME470;NBA 2K13;Sports;2012;149900;18;
GAME471;Dragon Ball Z: Budokai Tenkaichi 3;Fighting;2007;350000;43;
GAME472;Star Fox;Shooter;1993;149900;25;
GAME473;The Sims: Livin Large;Misc;2000;200000;25;
GAME474;World Soccer Winning Eleven 6 International;Sports;2002;149900;15;
GAME475;Devil May Cry;Action;2001;429000;20;
GAME476;Star Wars: The Old Republic;Role-Playing;2011;149900;18;
GAME477;Middle-Earth: Shadow of Mordor;Action;2014;350000;20;
GAME478;Sonic Heroes;Platform;2003;219000;23;
GAME479;Hitman 2: Silent Assassin;Action;2002;279000;23;
GAME480;Titanfall;Shooter;2014;429000;25;
GAME481;Battlefield: Bad Company 2;Shooter;2010;350000;25;
GAME482;Wave Race 64;Racing;1996;350000;18;
GAME483;SOCOM II: U.S. Navy SEALs;Shooter;2003;279000;30;
GAME484;WWE SmackDown! vs. RAW 2006;Fighting;2005;350000;25;
GAME485;Pac-Man Collection;Puzzle;2001;219000;20;
GAME486;Street Fighter IV;Fighting;2009;219000;18;
GAME487;inFAMOUS;Action;2009;429000;20;
GAME488;Kirby Super Star Ultra;Platform;2008;429000;18;
GAME489;Call of Duty: Ghosts;Shooter;2013;279000;18;
GAME490;FIFA 15;Sports;2014;99900;23;
GAME491;Super Mario World 2: Yoshi's Island;Platform;2002;499000;40;
GAME492;Mass Effect;Role-Playing;2007;429000;43;
GAME493;Sonic Mega Collection Plus;Misc;2004;429000;15;
GAME494;World Soccer Winning Eleven 7 International;Sports;2003;200000;40;
GAME495;Sega Superstars Tennis;Sports;2008;350000;18;
GAME496;Hot Shots Golf 3;Sports;2001;99900;18;
GAME497;Cooking Mama: Cook Off;Simulation;2007;219000;30;
GAME498;Call of Duty: Finest Hour;Shooter;2004;429000;40;
GAME499;WarioWare: Smooth Moves;Puzzle;2006;429000;15;
GAME500;Syphon Filter;Shooter;1999;99900;43;
GAME501;Imagine: Babyz;Simulation;2007;99900;25;
GAME502;Colin McRae Rally;Racing;1998;200000;25;
GAME503;Madden NFL 13;Sports;2012;149900;43;
GAME504;The Elder Scrolls III: Morrowind;Role-Playing;2002;219000;23;
GAME505;Assassin's Creed IV: Black Flag;Action;2013;499000;43;
GAME506;Command & Conquer: Red Alert;Strategy;1996;350000;20;
GAME507;F-Zero;Racing;1990;200000;23;
GAME508;Yoshi's Story;Platform;1997;279000;40;
GAME509;Mortal Kombat;Fighting;2011;429000;30;
GAME510;Madden NFL 10;Sports;2009;429000;25;
GAME511;WWE SmackDown! vs. Raw;Fighting;2002;149900;25;
GAME512;BioShock;Shooter;2007;279000;20;
GAME513;Metroid Prime;Shooter;2002;499000;25;
GAME514;Assassin's Creed: Brotherhood;Action;2010;499000;25;
GAME515;Finding Nemo;Action;2003;499000;43;
GAME516;Zumba Fitness 2;Sports;2011;200000;18;
GAME517;Myst;Adventure;1994;499000;40;
GAME518;Medal of Honor;Shooter;2010;429000;40;
GAME519;Need for Speed: Most Wanted;Racing;2012;350000;15;
GAME520;Imagine: Fashion Designer;Simulation;2007;279000;25;
GAME521;WWE SmackDown! Here Comes the Pain;Fighting;2003;279000;30;
GAME522;Hot Shots Golf;Sports;1997;350000;18;
GAME523;A Bug's Life;Platform;1998;200000;15;
GAME524;WWF SmackDown! Just Bring It;Fighting;2001;99900;15;
GAME525;inFAMOUS: Second Son;Action;2014;279000;20;
GAME526;Dragon Quest V: Tenkuu no Hanayome;Role-Playing;1992;200000;23;
GAME527;Mortal Kombat Trilogy;Fighting;1996;279000;23;
GAME528;Monster Hunter Tri;Role-Playing;2011;429000;30;
GAME529;NBA Street;Sports;2001;429000;25;
GAME530;Jak II;Platform;2003;279000;40;
GAME531;Ratchet & Clank: Going Commando;Platform;2003;279000;23;
GAME532;Need for Speed: Hot Pursuit;Racing;2010;350000;43;
GAME533;Skylanders: Spyro's Adventure;Action;2011;279000;20;
GAME534;Battlefield 3;Shooter;2011;149900;43;
GAME535;Mortal Kombat X;Fighting;2015;99900;30;
GAME536;The Sims;Simulation;2003;350000;40;
GAME537;Killzone 3;Shooter;2011;429000;43;
GAME538;Star Wars: The Force Unleashed;Action;2008;429000;40;
GAME539;Minecraft;Misc;2014;350000;18;
GAME540;Yoshi's Island DS;Platform;2006;219000;25;
GAME541;Saints Row: The Third;Action;2011;149900;23;
GAME542;Missile Command;Shooter;1980;219000;43;
GAME543;Mario Paint;Misc;1992;149900;23;
GAME544;Tekken 6;Fighting;2009;99900;18;
GAME545;Pokémon Stadium 2;Strategy;2000;99900;15;
GAME546;Metroid;Action;1986;99900;40;
GAME547;Sonic and the Secret Rings;Platform;2007;200000;25;
GAME548;FIFA 16;Sports;2015;149900;25;
GAME549;The Legend of Zelda: A Link to the Past;Action;2002;99900;18;
GAME550;Onimusha: Warlords;Action;2001;149900;40;
GAME551;Mario Party;Misc;1998;350000;25;
GAME552;L.A. Noire;Adventure;2011;99900;30;
GAME553;Call of Duty 3;Shooter;2006;350000;43;
GAME554;Madden NFL 12;Sports;2011;499000;18;
GAME555;LEGO Star Wars II: The Original Trilogy;Action;2006;350000;18;
GAME556;Killzone: Shadow Fall;Shooter;2013;149900;30;
GAME557;Madden NFL 11;Sports;2010;279000;30;
GAME558;Burnout 3: Takedown;Racing;2004;279000;20;
GAME559;Yokai Watch 2 Shinuchi;Role-Playing;2014;279000;23;
GAME560;Mortal Kombat;Fighting;1992;200000;23;
GAME561;Mario vs. Donkey Kong: Mini-Land Mayhem!;Puzzle;2010;499000;20;
GAME562;Professor Layton and the Last Specter;Puzzle;2009;429000;18;
GAME563;Call Of Duty 2: Big Red One;Shooter;2005;99900;18;
GAME564;Medal of Honor;Shooter;1998;219000;23;
GAME565;Fable;Role-Playing;2004;350000;30;
GAME566;Guitar Hero: World Tour;Misc;2008;219000;18;
GAME567;FIFA 17;Sports;2016;350000;15;
GAME568;Hannah Montana;Action;2006;279000;18;
GAME569;Tom Clancy's Splinter Cell;Action;2003;429000;23;
GAME570;Super Mario Bros.: The Lost Levels;Platform;1986;200000;18;
GAME571;Need for Speed: Shift;Racing;2009;429000;40;
GAME572;Star Wars: Shadows of the Empire;Action;1996;99900;23;
GAME573;Medal of Honor Heroes;Shooter;2006;279000;15;
GAME574;Final Fantasy XIII-2;Role-Playing;2011;429000;30;
GAME575;Midnight Club: Street Racing;Racing;2000;429000;43;
GAME576;Skate 3;Sports;2010;200000;43;
GAME577;ESPN NFL 2K5;Sports;2004;279000;20;
GAME578;Halo Wars;Strategy;2009;429000;25;
GAME579;NBA 2K12;Sports;2011;149900;43;
GAME580;Pac-Man: Adventures in Time;Fighting;2006;219000;43;
GAME581;FIFA Soccer 10;Sports;2009;429000;15;
GAME582;Medal of Honor;Shooter;2010;350000;40;
GAME583;Harry Potter and the Chamber of Secrets;Action;2002;499000;40;
GAME584;Streets of Rage;Action;1990;279000;30;
GAME585;God of War Collection;Action;2009;99900;25;
GAME586;NBA Live 2005;Sports;2004;499000;18;
GAME587;Mario Strikers Charged;Sports;2007;99900;40;
GAME588;FIFA Soccer 09;Sports;2008;350000;30;
GAME589;Style Savvy;Simulation;2008;99900;25;
GAME590;WWE SmackDown vs. RAW 2007;Fighting;2006;499000;40;
GAME591;LEGO Star Wars: The Complete Saga;Action;2007;200000;23;
GAME592;Ratchet & Clank: Up Your Arsenal;Platform;2004;99900;23;
GAME593;Madden NFL 08;Sports;2007;99900;20;
GAME594;Monster Hunter Freedom 2;Role-Playing;2007;219000;23;
GAME595;Ratchet & Clank Future: Tools of Destruction;Platform;2007;99900;20;
GAME596;Super Mario All-Stars: Limited Edition;Platform;2010;350000;15;
GAME597;Sonic Adventure 2 Battle;Platform;2001;279000;30;
GAME598;Dragon Warrior II;Role-Playing;1987;350000;23;
GAME599;Ghostbusters: The Video Game (DS Version);Action;2009;219000;18;
GAME600;Madden NFL 13;Sports;2012;149900;25;
GAME601;Dragon Age: Origins;Role-Playing;2009;499000;30;
GAME602;Pokémon Colosseum;Role-Playing;2003;200000;15;
GAME603;LittleBigPlanet;Platform;2009;279000;20;
GAME604;Madden NFL 09;Sports;2008;429000;18;
GAME605;Crazy Taxi;Racing;2001;200000;40;
GAME606;Art Academy;Misc;2010;149900;18;
GAME607;NBA 2K14;Sports;2013;499000;30;
GAME608;Perfect Dark;Action;2000;149900;23;
GAME609;Skylanders Giants;Action;2012;429000;18;
GAME610;Dragon Warrior;Role-Playing;1986;149900;15;
GAME611;Deca Sports;Sports;2008;219000;18;
GAME612;PES 2009: Pro Evolution Soccer;Sports;2008;200000;43;
GAME613;Mario Party 2;Misc;1999;429000;23;
GAME614;Marvel: Ultimate Alliance;Role-Playing;2006;279000;15;
GAME615;Rockstar Games Double Pack: Grand Theft Auto III & Grand Theft Auto Vice City;Action;2003;429000;43;
GAME616;Mortal Kombat: Deadly Alliance;Fighting;2002;429000;18;
GAME617;Game Party;Misc;2007;200000;25;
GAME618;Bloodborne;Action;2015;350000;43;
GAME619;Tomb Raider: The Last Revelation;Action;1998;499000;15;
GAME620;Mario Party 4;Misc;2002;499000;40;
GAME621;Pure;Racing;2008;429000;23;
GAME622;NBA 2K13;Sports;2012;200000;25;
GAME623;Saints Row: The Third;Action;2011;499000;15;
GAME624;Resistance 2;Shooter;2008;429000;23;
GAME625;NBA 2K15;Sports;2014;279000;40;
GAME626;Final Fantasy V;Role-Playing;1992;350000;15;
GAME627;Final Fantasy Tactics;Role-Playing;1997;279000;43;
GAME628;Midnight Club: Los Angeles;Racing;2008;279000;25;
GAME629;Twisted Metal 2;Racing;1996;149900;25;
GAME630;The Sims: Bustin' Out;Simulation;2003;499000;30;
GAME631;Riven: The Sequel to Myst;Adventure;1997;149900;40;
GAME632;LEGO Harry Potter: Years 1-4;Action;2010;99900;25;
GAME633;Need for Speed (2015);Racing;2015;279000;20;
GAME634;Call of Duty: Infinite Warfare;Shooter;2016;429000;15;
GAME635;Madden NFL 16;Sports;2015;99900;40;
GAME636;Ice Hockey;Sports;1988;149900;43;
GAME637;Sonic Adventure;Platform;1998;219000;40;
GAME638;Tom Clancy's Rainbow Six: Vegas 2;Shooter;2008;219000;15;
GAME639;uDraw Studio;Misc;2010;279000;18;
GAME640;Tomb Raider (2013);Action;2013;350000;15;
GAME641;Need for Speed Carbon: Own the City;Racing;2006;350000;18;
GAME642;Dragon Ball Z: Budokai 2;Fighting;2003;499000;25;
GAME643;pro evolution soccer 2011;Sports;2010;149900;25;
GAME644;ATV Offroad Fury;Racing;2001;149900;23;
GAME645;Dino Crisis;Action;1998;350000;18;
GAME646;Need for Speed: ProStreet;Racing;2007;219000;40;
GAME647;Halo: Combat Evolved Anniversary;Shooter;2011;279000;40;
GAME648;Tetris Plus;Puzzle;1996;429000;30;
GAME649;Pro Wrestling;Fighting;1987;99900;40;
GAME650;Theme Hospital;Strategy;1997;149900;25;
GAME651;Monopoly;Misc;1994;200000;25;
GAME652;nan;nan;1993;149900;40;
GAME653;Guitar Hero;Misc;2005;429000;20;
GAME654;Madden NFL 11;Sports;2010;350000;15;
GAME655;WCW/nWo Revenge;Fighting;1998;200000;23;
GAME656;Yu-Gi-Oh! The Duelists of the Roses;Misc;2001;429000;25;
GAME657;Dead Island;Action;2011;350000;15;
GAME658;Half-Life 2;Shooter;2004;499000;30;
GAME659;The Incredibles;Action;2004;99900;15;
GAME660;Madden NFL 08;Sports;2007;99900;18;
GAME661;Tony Hawk's Underground 2;Sports;2004;200000;20;
GAME662;Zumba Fitness;Sports;2010;499000;23;
GAME663;Madden NFL 10;Sports;2009;279000;25;
GAME664;Kirby's Dream Land 2;Platform;1995;149900;15;
GAME665;Midnight Club: Los Angeles;Racing;2008;279000;25;
GAME666;Donkey Kong Land II;Platform;1996;350000;25;
GAME667;Dragon Warrior Monsters;Role-Playing;1998;279000;20;
GAME668;Kinect: Disneyland Adventures;Misc;2011;219000;15;
GAME669;WWE SmackDown vs Raw 2008;Fighting;2007;279000;43;
GAME670;The Legend of Zelda: Majora's Mask 3D;Action;2015;219000;15;
GAME671;Resident Evil - Code: Veronica X;Action;2001;99900;20;
GAME672;NBA 2K16;Sports;2015;219000;30;
GAME673;Kinect Sports: Season Two;Sports;2011;279000;40;
GAME674;My Fitness Coach;Sports;2008;99900;40;
GAME675;Mario Tennis;Sports;2000;200000;40;
GAME676;Grand Theft Auto;Action;1997;499000;40;
GAME677;James Bond 007: Everything or Nothing;Shooter;2004;499000;43;
GAME678;Need For Speed: High Stakes;Racing;1999;429000;43;
GAME679;Chrono Trigger;Role-Playing;1995;279000;23;
GAME680;Guild Wars 2;Action;2012;99900;18;
GAME681;Cool Boarders 3;Sports;1998;200000;30;
GAME682;Paper Mario: Sticker Star;Role-Playing;2012;279000;25;
GAME683;WarioWare Touched!;Puzzle;2004;429000;40;
GAME684;Batman: Arkham Origins;Action;2013;149900;30;
GAME685;Tomb Raider II;Action;1997;99900;23;
GAME686;Yokai Watch Busters;Action;2015;219000;30;
GAME687;LEGO Star Wars: The Complete Saga;Action;2007;99900;30;
GAME688;Need for Speed Underground 2;Racing;2004;219000;30;
GAME689;Pro Evolution Soccer 2010;Sports;2009;99900;30;
GAME690;Mario Bros.;Platform;1983;219000;23;
GAME691;FIFA Soccer 09;Sports;2008;219000;43;
GAME692;LEGO Harry Potter: Years 1-4;Action;2010;219000;23;
GAME693;The Sims 3;Simulation;2010;279000;30;
GAME694;Pokemon Ranger: Shadows of Almia;Role-Playing;2008;219000;30;
GAME695;TOCA Touring Car Championship;Racing;1997;499000;20;
GAME696;Dead Island;Action;2011;99900;23;
GAME697;Kirby: Nightmare in Dream Land;Platform;2002;279000;23;
GAME698;Wario Land 4;Platform;2001;99900;25;
GAME699;Sonic's Ultimate Genesis Collection;Misc;2009;99900;18;
GAME700;Far Cry: Primal;Action;2016;149900;25;
GAME701;Battlefield 1;Shooter;2016;149900;40;
GAME702;Onimusha 2: Samurai's Destiny;Adventure;2002;200000;23;
GAME703;Cool Boarders 2;Sports;1997;279000;30;
GAME704;Paper Mario: The Thousand-Year Door;Role-Playing;2004;350000;30;
GAME705;Madden NFL 12;Sports;2011;149900;40;
GAME706;God of War: Ascension;Action;2013;219000;23;
GAME707;Guitar Hero III: Legends of Rock;Misc;2007;200000;43;
GAME708;Sonic Advance;Platform;2001;279000;15;
GAME709;Super Monkey Ball: Banana Blitz;Misc;2006;219000;23;
GAME710;Just Dance Kids;Misc;2010;279000;20;
GAME711;New Super Luigi U;Platform;2013;279000;20;
GAME712;Assassin's Creed IV: Black Flag;Action;2013;149900;25;
GAME713;Spyro: Season of Ice;Platform;2001;149900;15;
GAME714;Dissidia: Final Fantasy;Fighting;2008;219000;40;
GAME715;Madden NFL 25;Sports;2013;99900;40;
GAME716;Teenage Mutant Ninja Turtles II: The Arcade Game;Action;1990;99900;18;
GAME717;Dance Dance Revolution X2;Simulation;2009;499000;20;
GAME718;Borderlands 2;Shooter;2012;200000;20;
GAME719;Prince of Persia: The Sands of Time;Action;2003;279000;20;
GAME720;Monster Hunter Tri;Role-Playing;2009;219000;25;
GAME721;LEGO Marvel Super Heroes;Action;2013;279000;23;
GAME722;The Legend of Zelda: Link's Awakening DX;Adventure;1998;99900;30;
GAME723;Resident Evil 4;Action;2007;149900;23;
GAME724;Tom Clancy's Rainbow Six: Siege;Shooter;2015;99900;15;
GAME725;Star Wars: The Force Unleashed;Action;2008;429000;18;
GAME726;Devil May Cry 3: Dante's Awakening Special Edition;Action;2006;499000;40;
GAME727;Frogger;Action;1981;279000;25;
GAME728;Guitar Hero II;Misc;2007;499000;15;
GAME729;Forza Motorsport 5;Racing;2013;200000;43;
GAME730;Rock Band 2;Misc;2008;219000;15;
GAME731;Pro Yakyuu Family Stadium;Sports;1986;149900;25;
GAME732;Wario Land 3;Platform;2000;429000;25;
GAME733;Need for Speed: Hot Pursuit;Racing;2010;149900;43;
GAME734;LEGO Indiana Jones: The Original Adventures;Action;2008;350000;20;
GAME735;BioShock 2;Shooter;2010;200000;23;
GAME736;High School Musical: Makin' the Cut!;Puzzle;2007;219000;25;
GAME737;Star Wars: Knights of the Old Republic;Role-Playing;2003;350000;15;
GAME738;Kirby's Pinball Land;Misc;1992;350000;25;
GAME739;Donkey Kong Country;Platform;2000;219000;20;
GAME740;Madden NFL 15;Sports;2014;200000;18;
GAME741;Pro Evolution Soccer 2012;Action;2011;149900;20;
GAME742;Saints Row;Action;2006;279000;43;
GAME743;Yu-Gi-Oh: Duel Monsters 4;Role-Playing;2000;429000;15;
GAME744;ATV Offroad Fury 2;Racing;2002;279000;20;
GAME745;FIFA 15;Sports;2014;429000;25;
GAME746;Mario & Luigi: Superstar Saga;Role-Playing;2003;429000;20;
GAME747;Star Wars: Rogue Squadron;Simulation;1998;149900;25;
GAME748;Tennis;Sports;1984;350000;40;
GAME749;Tom Clancy's The Division;Shooter;2016;429000;30;
GAME750;Final Fantasy XIII;Role-Playing;2010;499000;23;
GAME751;The Sims: House Party;Simulation;2001;219000;40;
GAME752;Scribblenauts;Puzzle;2009;99900;43;
GAME753;Sonic Unleashed;Platform;2008;499000;43;
GAME754;Syphon Filter 2;Shooter;2000;499000;40;
GAME755;Pokemon Ranger;Role-Playing;2006;99900;30;
GAME756;Volleyball;Sports;1987;350000;23;
GAME757;Skylanders SWAP Force;Platform;2013;499000;43;
GAME758;Overwatch;Shooter;2016;99900;30;
GAME759;Hitman: Absolution;Action;2012;429000;40;
GAME760;SimCity 2000;Simulation;1992;350000;40;
GAME761;R.C. Pro-Am;Racing;1988;279000;40;
GAME762;Super Mario RPG: Legend of the Seven Stars;Role-Playing;1996;429000;18;
GAME763;Mahjong;Misc;1983;149900;20;
GAME764;Demon Attack;Shooter;1981;99900;18;
GAME765;Call of Duty: Roads to Victory;Shooter;2007;99900;25;
GAME766;Dance Dance Revolution Extreme;Simulation;2004;99900;43;
GAME767;Final Fantasy Tactics Advance;Role-Playing;2003;429000;20;
GAME768;Your Shape featuring Jenny McCarthy;Sports;2009;429000;40;
GAME769;Project Gotham Racing;Racing;2001;219000;15;
GAME770;Golf;Sports;1989;279000;15;
GAME771;NBA 2K12;Sports;2011;350000;43;
GAME772;Tony Hawk's Pro Skater;Sports;2000;429000;20;
GAME773;Need for Speed: Hot Pursuit 2;Racing;2002;149900;43;
GAME774;PES 2009: Pro Evolution Soccer;Sports;2008;200000;20;
GAME775;Dynasty Warriors 4;Action;2003;99900;25;
GAME776;NBA 2K14;Sports;2013;429000;43;
GAME777;Parasite Eve;Role-Playing;1998;279000;43;
GAME778;Tetris DS;Puzzle;2006;279000;40;
GAME779;Project Gotham Racing (JP weekly sales);Action;2002;149900;43;
GAME780;Scooby-Doo! Night of 100 Frights;Platform;2002;149900;15;
GAME781;Battlefield: Hardline;Shooter;2015;99900;18;
GAME782;Mortal Kombat;Fighting;2011;350000;20;
GAME783;Borderlands;Shooter;2009;429000;23;
GAME784;Devil May Cry 3: Dante's Awakening;Action;2005;350000;30;
GAME785;Derby Stallion;Sports;1997;350000;18;
GAME786;NBA 2K11;Action;2010;429000;15;
GAME787;Finding Nemo;Action;2003;429000;25;
GAME788;Dying Light;Action;2015;200000;43;
GAME789;Yokai Watch;Role-Playing;2013;99900;43;
GAME790;Dead Rising;Action;2006;149900;25;
GAME791;World of Warcraft: Cataclysm;Role-Playing;2010;499000;23;
GAME792;Tetris Worlds;Puzzle;2002;200000;20;
GAME793;Final Fantasy III;Role-Playing;2006;350000;40;
GAME794;Sim Theme Park;Strategy;1998;219000;23;
GAME795;Mario Party 5;Misc;2003;149900;43;
GAME796;Warcraft: Orcs & Humans;Strategy;1994;219000;18;
GAME797;Mario & Luigi: Dream Team;Role-Playing;2013;279000;15;
GAME798;Portal 2;Shooter;2011;219000;15;
GAME799;Mario Sports Mix;Sports;2010;219000;25;
GAME800;Need for Speed: Most Wanted 5-1-0;Racing;2005;200000;25;
GAME801;Spec Ops: Airborne Commando;Shooter;2002;429000;30;
GAME802;The Sims 2: Pets;Simulation;2006;200000;40;
GAME803;Dance Dance Revolution: Hottest Party;Simulation;2007;219000;25;
GAME804;DriveClub;Racing;2014;350000;23;
GAME805;Yu-Gi-Oh! The Eternal Duelist Soul;Strategy;2001;429000;15;
GAME806;UFC 2009 Undisputed;Fighting;2009;149900;25;
GAME807;Metal Gear Solid: Peace Walker;Action;2010;350000;30;
GAME808;Kirby's Epic Yarn;Platform;2010;219000;40;
GAME809;Wipeout: The Game;Misc;2009;499000;43;
GAME810;Pokemon Mystery Dungeon: Red/Blue Rescue Team;Role-Playing;2005;350000;30;
GAME811;The Incredibles;Action;2004;149900;30;
GAME812;R4: Ridge Racer Type 4;Racing;1998;499000;15;
GAME813;Kingdom Hearts: Birth by Sleep;Role-Playing;2010;350000;15;
GAME814;Tom Clancy's Splinter Cell: Conviction;Action;2010;200000;25;
GAME815;SoulCalibur II;Fighting;2003;279000;25;
GAME816;Need for Speed: ProStreet;Racing;2007;499000;20;
GAME817;Sonic Mega Collection;Misc;2002;429000;40;
GAME818;Ghostbusters: The Video Game (DS Version);Action;2010;429000;20;
GAME819;Madden NFL 15;Sports;2014;350000;25;
GAME820;Need For Speed: Undercover;Racing;2008;200000;23;
GAME821;Toy Story 3: The Video Game;Action;2010;149900;43;
GAME822;NBA Jam;Sports;1992;219000;30;
GAME823;SOCOM: U.S. Navy SEALs: Combined Assault;Shooter;2006;429000;23;
GAME824;Peter Jackson's King Kong: The Official Game of the Movie;Action;2005;200000;20;
GAME825;Need for Speed: ProStreet;Racing;2007;219000;25;
GAME826;Donkey Kong Country;Platform;2003;149900;30;
GAME827;Dance Central 2;Misc;2011;200000;40;
GAME828;PGR4 - Project Gotham Racing 4;Racing;2007;200000;15;
GAME829;1080°: TenEighty Snowboarding;Sports;1998;200000;43;
GAME830;Carnival Games;Misc;2008;350000;25;
GAME831;NBA Live 2004;Sports;2003;279000;18;
GAME832;Call of Duty 2;Shooter;2005;429000;20;
GAME833;Rayman Raving Rabbids: TV Party;Misc;2008;149900;40;
GAME834;Pokémon Mystery Dungeon: Blue Rescue Team;Role-Playing;2005;219000;40;
GAME835;Dark Souls;Role-Playing;2011;149900;43;
GAME836;Just Dance 3;Misc;2011;99900;15;
GAME837;Battlefield 4;Shooter;2013;200000;43;
GAME838;Fire Emblem: Awakening;Role-Playing;2012;350000;15;
GAME839;Need for Speed: The Run;Action;2011;350000;15;
GAME840;Just Dance 2015;Misc;2014;350000;30;
GAME841;Dragon Age: Inquisition;Role-Playing;2014;350000;30;
GAME842;Super Street Fighter II;Fighting;1993;149900;40;
GAME843;Dead Space;Action;2008;149900;40;
GAME844;Mortal Kombat vs. DC Universe;Fighting;2008;350000;40;
GAME845;TouchMaster;Puzzle;2007;350000;18;
GAME846;Tenchu: Stealth Assassins;Action;1997;279000;25;
GAME847;Tennis;Sports;1989;149900;15;
GAME848;Harry Potter and the Chamber of Secrets;Action;2002;350000;18;
GAME849;Kingdom Hearts 358/2 Days;Role-Playing;2009;429000;40;
GAME850;Skate 3;Sports;2010;200000;20;
GAME851;SimCity;Simulation;1991;99900;15;
GAME852;Harry Potter and the Chamber of Secrets;Action;2002;219000;40;
GAME853;Need for Speed Rivals;Racing;2013;219000;23;
GAME854;Spyro: Enter the Dragonfly;Platform;2002;200000;23;
GAME855;Devil May Cry 2;Action;2003;219000;15;
GAME856;E.T.: The Extra Terrestrial;Action;1981;279000;43;
GAME857;Hot Shots Golf: Open Tee;Sports;2004;499000;18;
GAME858;Minecraft;Misc;2014;200000;23;
GAME859;Soccer;Sports;1985;149900;43;
GAME860;Rad Racer;Racing;1986;149900;15;
GAME861;Forza Horizon;Racing;2012;350000;23;
GAME862;Tom Clancy's Rainbow Six: Vegas;Shooter;2006;149900;25;
GAME863;Crash Nitro Kart;Racing;2003;429000;18;
GAME864;Resident Evil 6;Shooter;2012;499000;43;
GAME865;Grand Theft Auto: San Andreas;Action;2005;279000;40;
GAME866;Star Wars: Dark Forces;Shooter;1994;279000;23;
GAME867;NBA Street Vol. 2;Sports;2003;429000;20;
GAME869;Kirby Squeak Squad;Platform;2006;219000;15;
GAME870;Burnout Paradise;Racing;2008;200000;15;
GAME871;Who wants to be a millionaire;Misc;1999;200000;43;
GAME872;Alleyway;Puzzle;1989;219000;40;
GAME873;Scooby Doo and the Cyber Chase;Adventure;2001;149900;30;
GAME874;The Sims 3;Simulation;2010;99900;43;
GAME875;FIFA Soccer 09;Sports;2008;219000;18;
GAME876;Dragon Ball Z: Budokai 3;Fighting;2004;149900;18;
GAME877;Call of Duty: World at War;Shooter;2008;99900;43;
GAME878;Jet Moto 2;Racing;1997;200000;25;
GAME879;Tom Clancy's Ghost Recon;Shooter;2002;499000;23;
GAME880;BioShock Infinite;Shooter;2013;499000;20;
GAME881;X-Men Legends;Role-Playing;2004;279000;23;
GAME882;Mortal Kombat II;Fighting;1993;499000;30;
GAME883;Virtua Fighter 2;Fighting;1995;219000;18;
GAME884;Mortal Kombat vs. DC Universe;Fighting;2008;429000;25;
GAME885;Destiny: The Taken King;Shooter;2015;499000;15;
GAME886;Tetris DX;Puzzle;1998;200000;30;
GAME887;The Legend of Zelda: Oracle of Ages;Action;2001;99900;20;
GAME888;Destiny;Shooter;2014;200000;18;
GAME889;Red Faction;Shooter;2001;429000;30;